<?xml version="1.0" encoding="UTF-8"?>
<beans xmlns="http://www.springframework.org/schema/beans"
 xmlns:xsi="http://www.w3.org/2001/XMLSchema-instance" 
 xmlns:p="http://www.springframework.org/schema/p"
 xmlns:context="http://www.springframework.org/schema/context"
 xmlns:tx="http://www.springframework.org/schema/tx"
 xmlns:mvc="http://www.springframework.org/schema/mvc"
 xsi:schemaLocation="http://www.springframework.org/schema/beans
   http://www.springframework.org/schema/beans/spring-beans.xsd
   http://www.springframework.org/schema/context
   http://www.springframework.org/schema/context/spring-context.xsd
   http://www.springframework.org/schema/tx
   http://www.springframework.org/schema/tx/spring-tx.xsd
   http://www.springframework.org/schema/mvc
   http://www.springframework.org/schema/mvc/spring-mvc.xsd">

 <context:component-scan base-package="br.com.bpss.hg" />

 <mvc:annotation-driven />

 <bean id="entityManagerFactory" class="org.springframework.orm.jpa.LocalEntityManagerFactoryBean" />

 <bean id="transactionManager" class="org.springframework.orm.jpa.JpaTransactionManager">
   <property name="entityManagerFactory" ref="entityManagerFactory"/>
 </bean>

 <tx:annotation-driven />

 <bean id="viewResolver"      class="org.springframework.web.servlet.view.UrlBasedViewResolver">
   <property name="viewClass" value="org.springframework.web.servlet.view.JstlView" />
   <property name="prefix" value="/WEB-INF/" />
   <property name="suffix" value=".jsp" />
 </bean>
 

    <mvc:interceptors>
    	<bean class="br.com.bpss.hg.service.RequestsInterceptor" />
    </mvc:interceptors>
 
</beans>